{
  "model": "distilbert-base-uncased",
  "dataset": "FinancialPhraseBank-75Agree",
  "num_epochs": 4,
  "batch_size": 16,
  "learning_rate": 2e-05,
  "training_time_seconds": 4247.655279874802,
  "train_samples": 2417,
  "val_samples": 518,
  "test_samples": 518,
  "test_accuracy": 0.9555984555984556,
  "test_loss": 0.1759117180481553,
  "per_class_metrics": {
    "negative": {
      "precision": 0.9814814814814815,
      "recall": 0.8412698412698413,
      "f1_score": 0.905982905982906,
      "support": 63
    },
    "neutral": {
      "precision": 0.9665653495440729,
      "recall": 0.9875776397515528,
      "f1_score": 0.9769585253456221,
      "support": 322
    },
    "positive": {
      "precision": 0.9185185185185185,
      "recall": 0.9323308270676691,
      "f1_score": 0.9253731343283582,
      "support": 133
    }
  },
  "macro_avg": {
    "precision": 0.9555217831813576,
    "recall": 0.920392769363021,
    "f1_score": 0.9361048552189621
  },
  "weighted_avg": {
    "precision": 0.9560431251920614,
    "recall": 0.9555984555984556,
    "f1_score": 0.9550814577295078
  }
}