{
  "train_loss": 2.032819366455078,
  "train_runtime": 630.8736,
  "train_samples_per_second": 0.124,
  "timestamp": "2025-12-05T19:21:17.831651"
}